URL,Title,Status,Response Time (ms),Location,Link Type,Error Message
"https://study4.com/grammar/12-thi-trong-tieng-anh/","12 Thì & Thể bị động nâng cao",404,337,"Month 1, Tuần 1: Grammar Foundation & Listening Immersion, Day 1 (Thứ 2)",primary,
"https://www.youtube.com/watch?v=qjg_GUqU5gQ","Video: 12 Thì Tiếng Anh Chi Tiết",200,290,"Month 1, Tuần 1: Grammar Foundation & Listening Immersion, Day 1 (Thứ 2)",additional,
"https://study4.com/tests/toeic-part-5-training/","Bài tập Part 5 - Động từ",404,177,"Month 1, Tuần 1: Grammar Foundation & Listening Immersion, Day 1 (Thứ 2)",additional,
"https://quizlet.com/vn/515287661/600-essential-words-for-the-toeic-lesson-1-contracts-flash-cards/","Business Vocabulary: Contracts & Personnel",200,1734,"Month 1, Tuần 1: Grammar Foundation & Listening Immersion, Day 2 (Thứ 3)",primary,
"https://ankiweb.net/shared/decks/toeic","Anki Deck: TOEIC Vocabulary 3000",200,652,"Month 1, Tuần 1: Grammar Foundation & Listening Immersion, Day 2 (Thứ 3)",additional,
"https://www.englishclub.com/business-english/collocations.htm","Business English Collocations",404,2095,"Month 1, Tuần 1: Grammar Foundation & Listening Immersion, Day 2 (Thứ 3)",additional,
"https://study4.com/tests/toeic/ets-toeic-2024-test-1-lc-rc/","Part 1 Mastery: 6/6 Perfection Strategy",404,170,"Month 1, Tuần 1: Grammar Foundation & Listening Immersion, Day 3 (Thứ 4)",primary,
"https://www.youtube.com/@TOEICwithJunia","Video: Part 1 Strategy - TOEIC with Junia",404,158,"Month 1, Tuần 1: Grammar Foundation & Listening Immersion, Day 3 (Thứ 4)",additional,
"https://study4.com/tests/toeic-part-1-training/","Part 1 Practice Tests",404,167,"Month 1, Tuần 1: Grammar Foundation & Listening Immersion, Day 3 (Thứ 4)",additional,
"https://study4.com/tests/toeic-part-5-training/","Word Form Speed Mastery: <10s/câu",404,192,"Month 1, Tuần 1: Grammar Foundation & Listening Immersion, Day 4 (Thứ 5)",primary,
"https://www.youtube.com/results?search_query=word+form+toeic+tricks","Video: Word Form Tricks - TOEIC",200,698,"Month 1, Tuần 1: Grammar Foundation & Listening Immersion, Day 4 (Thứ 5)",additional,
"https://quizlet.com/search?query=toeic%20suffixes&type=sets","Flashcards: 20 Common Suffixes",200,1143,"Month 1, Tuần 1: Grammar Foundation & Listening Immersion, Day 4 (Thứ 5)",additional,
"https://study4.com/tests/toeic/ets-toeic-2024-test-1-lc-rc/","Daily Listening Immersion: Shadowing Practice",404,181,"Month 1, Tuần 1: Grammar Foundation & Listening Immersion, Day 5 (Thứ 6)",primary,
"https://www.youtube.com/results?search_query=shadowing+technique+english","Video: How to Shadow Effectively",200,740,"Month 1, Tuần 1: Grammar Foundation & Listening Immersion, Day 5 (Thứ 6)",additional,
"https://www.youtube.com/@TOEICwithJunia","Shadowing Practice Materials",404,181,"Month 1, Tuần 1: Grammar Foundation & Listening Immersion, Day 5 (Thứ 6)",additional,
"https://study4.com/tests/toeic-part-2-training/","Part 2 Question Types: 5 Dạng Câu Hỏi",404,172,"Month 1, Tuần 2: Part 2 & Vocabulary Building, Day 1 (Thứ 2)",primary,
"https://www.youtube.com/@TOEICwithJunia","Video: Part 2 Strategy",404,249,"Month 1, Tuần 2: Part 2 & Vocabulary Building, Day 1 (Thứ 2)",additional,
"https://study4.com/tests/toeic/ets-toeic-2024-test-1-lc-rc/","Part 2 Practice Tests",404,157,"Month 1, Tuần 2: Part 2 & Vocabulary Building, Day 1 (Thứ 2)",additional,
"https://quizlet.com/vn/515287662/600-essential-words-for-the-toeic-lesson-2-office-technology-flash-cards/","Office & Technology Vocabulary",200,3637,"Month 1, Tuần 2: Part 2 & Vocabulary Building, Day 2 (Thứ 3)",primary,
"https://www.youtube.com/results?search_query=office+vocabulary+toeic","Video: Office Vocabulary",200,687,"Month 1, Tuần 2: Part 2 & Vocabulary Building, Day 2 (Thứ 3)",additional,
"https://www.englishclub.com/business-english/vocabulary-technology.htm","Technology Vocabulary Quiz",404,746,"Month 1, Tuần 2: Part 2 & Vocabulary Building, Day 2 (Thứ 3)",additional,
"https://study4.com/grammar/gioi-tu-trong-tieng-anh/","Prepositions & Conjunctions",404,154,"Month 1, Tuần 2: Part 2 & Vocabulary Building, Day 3 (Thứ 4)",primary,
"https://www.youtube.com/results?search_query=prepositions+of+time+place","Video: Prepositions of Time",200,626,"Month 1, Tuần 2: Part 2 & Vocabulary Building, Day 3 (Thứ 4)",additional,
"https://study4.com/tests/toeic-part-5-training/","Conjunctions Practice",404,480,"Month 1, Tuần 2: Part 2 & Vocabulary Building, Day 3 (Thứ 4)",additional,
"https://study4.com/tests/toeic-part-7-training/","Speed Reading Part 7 Single Passages",404,216,"Month 1, Tuần 2: Part 2 & Vocabulary Building, Day 4 (Thứ 5)",primary,
"https://www.youtube.com/results?search_query=speed+reading+toeic+part+7","Video: Speed Reading Techniques",200,632,"Month 1, Tuần 2: Part 2 & Vocabulary Building, Day 4 (Thứ 5)",additional,
"https://study4.com/tests/toeic/ets-toeic-2024-test-1-lc-rc/","Part 7 Practice Tests",404,162,"Month 1, Tuần 2: Part 2 & Vocabulary Building, Day 4 (Thứ 5)",additional,
"https://study4.com/tests/toeic-part-5-training/","Mixed Review + Weakness Focus",404,229,"Month 1, Tuần 2: Part 2 & Vocabulary Building, Day 5 (Thứ 6)",primary,
"https://study4.com/tests/toeic/ets-toeic-2024-test-1-lc-rc/","Mixed Practice Tests",404,168,"Month 1, Tuần 2: Part 2 & Vocabulary Building, Day 5 (Thứ 6)",additional,
"https://quizlet.com/vn/515287661/600-essential-words-for-the-toeic-lesson-1-contracts-flash-cards/","Vocabulary Review",200,1567,"Month 1, Tuần 2: Part 2 & Vocabulary Building, Day 5 (Thứ 6)",additional,
"https://study4.com/tests/toeic/ets-toeic-2024-test-1-lc-rc/","BASELINE FULL TEST (Test 1)",404,183,"Month 1, Tuần 2: Part 2 & Vocabulary Building, Day 6 (Thứ 7)",primary,
"https://www.ets.org/toeic/test-takers/scores.html","ETS Score Conversion Table",200,1288,"Month 1, Tuần 2: Part 2 & Vocabulary Building, Day 6 (Thứ 7)",additional,
"https://www.youtube.com/results?search_query=analyze+toeic+test+results","How to Analyze Your TOEIC Test",200,792,"Month 1, Tuần 2: Part 2 & Vocabulary Building, Day 6 (Thứ 7)",additional,
"https://study4.com/tests/toeic-part-3-training/","Part 3 Conversations Strategy",404,173,"Month 1, Tuần 3: Part 3 Conversations & Reading, Day 1 (Thứ 2)",primary,
"https://www.youtube.com/@TOEICwithJunia","Video: Part 3 Strategy",404,176,"Month 1, Tuần 3: Part 3 Conversations & Reading, Day 1 (Thứ 2)",additional,
"https://study4.com/tests/toeic/ets-toeic-2024-test-1-lc-rc/","Part 3 Practice Tests",404,169,"Month 1, Tuần 3: Part 3 Conversations & Reading, Day 1 (Thứ 2)",additional,
"https://quizlet.com/vn/515287663/600-essential-words-for-the-toeic-lesson-3-finance-banking-flash-cards/","Finance & Banking Vocabulary",403,1022,"Month 1, Tuần 3: Part 3 Conversations & Reading, Day 2 (Thứ 3)",primary,
"https://www.youtube.com/results?search_query=finance+vocabulary+toeic","Video: Finance Vocabulary",200,651,"Month 1, Tuần 3: Part 3 Conversations & Reading, Day 2 (Thứ 3)",additional,
"https://www.englishclub.com/business-english/vocabulary-banking.htm","Banking Vocabulary Quiz",200,766,"Month 1, Tuần 3: Part 3 Conversations & Reading, Day 2 (Thứ 3)",additional,
"https://study4.com/tests/toeic-part-7-training/","Part 7 Double Passages",404,165,"Month 1, Tuần 3: Part 3 Conversations & Reading, Day 3 (Thứ 4)",primary,
"https://www.youtube.com/results?search_query=toeic+part+7+double+passage","Video: Double Passage Strategy",200,558,"Month 1, Tuần 3: Part 3 Conversations & Reading, Day 3 (Thứ 4)",additional,
"https://study4.com/tests/toeic/ets-toeic-2024-test-1-lc-rc/","Part 7 Practice Tests",404,183,"Month 1, Tuần 3: Part 3 Conversations & Reading, Day 3 (Thứ 4)",additional,
"https://study4.com/tests/toeic/ets-toeic-2024-test-2-lc-rc/","Mini Test 1 (50 LC + 50 RC)",404,191,"Month 1, Tuần 3: Part 3 Conversations & Reading, Day 4 (Thứ 5)",primary,
"https://study4.com/tests/toeic/ets-toeic-2024-test-2-lc-rc/","Mini Test Answer Key",404,215,"Month 1, Tuần 3: Part 3 Conversations & Reading, Day 4 (Thứ 5)",additional,
"https://www.youtube.com/results?search_query=analyze+toeic+mini+test","How to Analyze Mini Test",200,631,"Month 1, Tuần 3: Part 3 Conversations & Reading, Day 4 (Thứ 5)",additional,
"https://study4.com/tests/toeic/ets-toeic-2024-test-2-lc-rc/","Deep Correction Session",404,163,"Month 1, Tuần 3: Part 3 Conversations & Reading, Day 5 (Thứ 6)",primary,
"https://www.youtube.com/results?search_query=analyze+toeic+errors","How to Analyze Errors",200,707,"Month 1, Tuần 3: Part 3 Conversations & Reading, Day 5 (Thứ 6)",additional,
"https://study4.com/blog/toeic-common-mistakes/","Error Pattern Examples",404,159,"Month 1, Tuần 3: Part 3 Conversations & Reading, Day 5 (Thứ 6)",additional,
"https://study4.com/tests/toeic-part-3-training/","Intensive Part 3-4 Practice",404,187,"Month 1, Tuần 3: Part 3 Conversations & Reading, Day 6 (Thứ 7)",primary,
"https://study4.com/tests/toeic-part-3-training/","Part 3 Practice",404,173,"Month 1, Tuần 3: Part 3 Conversations & Reading, Day 6 (Thứ 7)",additional,
"https://study4.com/tests/toeic-part-4-training/","Part 4 Practice",404,159,"Month 1, Tuần 3: Part 3 Conversations & Reading, Day 6 (Thứ 7)",additional,
"https://study4.com/tests/toeic-part-7-training/","Paraphrasing Technique - Map 20 Synonym Pairs",404,180,"Month 2, Tuần 5: Paraphrasing & Part 3-4 Elite, Day 1 (Thứ 2)",primary,
"https://www.youtube.com/results?search_query=paraphrasing+toeic","Video: Paraphrasing in TOEIC",200,662,"Month 2, Tuần 5: Paraphrasing & Part 3-4 Elite, Day 1 (Thứ 2)",additional,
"https://quizlet.com/search?query=toeic%20synonyms&type=sets","Synonym List for TOEIC",200,1089,"Month 2, Tuần 5: Paraphrasing & Part 3-4 Elite, Day 1 (Thứ 2)",additional,
"https://study4.com/tests/toeic-part-3-training/","Shadowing Part 3 Fluency - 10-15 Reps",404,211,"Month 2, Tuần 5: Paraphrasing & Part 3-4 Elite, Day 2 (Thứ 3)",primary,
"https://www.youtube.com/results?search_query=shadowing+technique+part+3","Shadowing Technique Video",200,764,"Month 2, Tuần 5: Paraphrasing & Part 3-4 Elite, Day 2 (Thứ 3)",additional,
"https://www.youtube.com/@TOEICwithJunia","Part 3 Audio Materials",404,169,"Month 2, Tuần 5: Paraphrasing & Part 3-4 Elite, Day 2 (Thứ 3)",additional,
"https://quizlet.com/vn/515287664/600-essential-words-for-the-toeic-lesson-4-marketing-business-trip-flash-cards/","Marketing & Business Trip Vocabulary - 40 Words",403,810,"Month 2, Tuần 5: Paraphrasing & Part 3-4 Elite, Day 3 (Thứ 4)",primary,
"https://www.youtube.com/results?search_query=marketing+vocabulary+toeic","Marketing Vocabulary Video",200,647,"Month 2, Tuần 5: Paraphrasing & Part 3-4 Elite, Day 3 (Thứ 4)",additional,
"https://www.englishclub.com/business-english/vocabulary-travel.htm","Business Trip Vocabulary",404,806,"Month 2, Tuần 5: Paraphrasing & Part 3-4 Elite, Day 3 (Thứ 4)",additional,
"https://study4.com/tests/toeic-part-7-training/","Part 7 Scanning Speed - <20s per Detail",404,158,"Month 2, Tuần 5: Paraphrasing & Part 3-4 Elite, Day 4 (Thứ 5)",primary,
"https://www.youtube.com/results?search_query=speed+reading+scanning+technique","Video: Speed Reading Techniques",200,607,"Month 2, Tuần 5: Paraphrasing & Part 3-4 Elite, Day 4 (Thứ 5)",additional,
"https://study4.com/tests/toeic/ets-toeic-2024-test-2-lc-rc/","Part 7 Detail Questions",404,192,"Month 2, Tuần 5: Paraphrasing & Part 3-4 Elite, Day 4 (Thứ 5)",additional,
"https://study4.com/tests/toeic-part-7-training/","Inference Questions Practice - LC + RC",404,153,"Month 2, Tuần 5: Paraphrasing & Part 3-4 Elite, Day 5 (Thứ 6)",primary,
"https://www.youtube.com/results?search_query=toeic+inference+questions","Video: Inference Questions Strategy",200,618,"Month 2, Tuần 5: Paraphrasing & Part 3-4 Elite, Day 5 (Thứ 6)",additional,
"https://study4.com/tests/toeic-part-3-training/","Part 3-4 Inference Practice",404,164,"Month 2, Tuần 5: Paraphrasing & Part 3-4 Elite, Day 5 (Thứ 6)",additional,
"https://study4.com/tests/toeic/ets-toeic-2024-test-2-lc-rc/","FULL TEST 2 - ETS 2024",404,159,"Month 2, Tuần 5: Paraphrasing & Part 3-4 Elite, Day 6 (Thứ 7)",primary,
"https://www.ets.org/toeic/test-takers/scores.html","ETS Score Conversion",200,326,"Month 2, Tuần 5: Paraphrasing & Part 3-4 Elite, Day 6 (Thứ 7)",additional,
"https://www.youtube.com/results?search_query=analyze+toeic+full+test","How to Analyze Full Test",200,604,"Month 2, Tuần 5: Paraphrasing & Part 3-4 Elite, Day 6 (Thứ 7)",additional,
"https://study4.com/tests/toeic-part-4-training/","Part 4 Monologues - Speed Note-taking",404,212,"Month 2, Tuần 6: Part 4 & Advanced Grammar, Day 1 (Thứ 2)",primary,
"https://www.youtube.com/@TOEICwithJunia","Video: Part 4 Strategy",404,168,"Month 2, Tuần 6: Part 4 & Advanced Grammar, Day 1 (Thứ 2)",additional,
"https://study4.com/tests/toeic/ets-toeic-2024-test-2-lc-rc/","Part 4 Practice Tests",404,163,"Month 2, Tuần 6: Part 4 & Advanced Grammar, Day 1 (Thứ 2)",additional,
"https://study4.com/grammar/menh-de-quan-he/","Relative Clauses & Conditionals - All 4 Types",404,197,"Month 2, Tuần 6: Part 4 & Advanced Grammar, Day 2 (Thứ 3)",primary,
"https://www.youtube.com/results?search_query=relative+clauses+toeic","Video: Relative Clauses",200,574,"Month 2, Tuần 6: Part 4 & Advanced Grammar, Day 2 (Thứ 3)",additional,
"https://study4.com/tests/toeic-part-5-training/","Conditionals Practice",404,183,"Month 2, Tuần 6: Part 4 & Advanced Grammar, Day 2 (Thứ 3)",additional,
"https://quizlet.com/vn/515287665/600-essential-words-for-the-toeic-lesson-5-manufacturing-logistics-flash-cards/","Manufacturing & Logistics Vocabulary - 40 Words",200,1735,"Month 2, Tuần 6: Part 4 & Advanced Grammar, Day 3 (Thứ 4)",primary,
"https://www.youtube.com/results?search_query=manufacturing+vocabulary","Manufacturing Vocabulary Video",200,659,"Month 2, Tuần 6: Part 4 & Advanced Grammar, Day 3 (Thứ 4)",additional,
"https://www.englishclub.com/business-english/vocabulary-logistics.htm","Logistics Vocabulary",404,746,"Month 2, Tuần 6: Part 4 & Advanced Grammar, Day 3 (Thứ 4)",additional,
"https://study4.com/tests/toeic-part-7-training/","Part 7 Triple Passages Introduction",404,169,"Month 2, Tuần 6: Part 4 & Advanced Grammar, Day 4 (Thứ 5)",primary,
"https://www.youtube.com/results?search_query=toeic+part+7+triple+passage","Video: Triple Passage Strategy",200,681,"Month 2, Tuần 6: Part 4 & Advanced Grammar, Day 4 (Thứ 5)",additional,
"https://study4.com/tests/toeic/ets-toeic-2024-test-2-lc-rc/","Part 7 Practice Tests",404,155,"Month 2, Tuần 6: Part 4 & Advanced Grammar, Day 4 (Thứ 5)",additional,
"https://study4.com/tests/toeic-part-5-training/","Mixed Skills Review - All Parts",404,206,"Month 2, Tuần 6: Part 4 & Advanced Grammar, Day 5 (Thứ 6)",primary,
"https://study4.com/tests/toeic/ets-toeic-2024-test-2-lc-rc/","Mixed Practice Tests",404,229,"Month 2, Tuần 6: Part 4 & Advanced Grammar, Day 5 (Thứ 6)",additional,
"https://www.youtube.com/results?search_query=toeic+review+strategies","Review Strategies",200,692,"Month 2, Tuần 6: Part 4 & Advanced Grammar, Day 5 (Thứ 6)",additional,
"https://study4.com/tests/toeic/ets-toeic-2024-test-3-lc-rc/","FULL TEST 3 - ETS 2024",404,169,"Month 2, Tuần 6: Part 4 & Advanced Grammar, Day 6 (Thứ 7)",primary,
"https://www.ets.org/toeic/test-takers/scores.html","ETS Score Conversion",200,413,"Month 2, Tuần 6: Part 4 & Advanced Grammar, Day 6 (Thứ 7)",additional,
"https://www.youtube.com/results?search_query=toeic+final+sprint","Month 3 Sprint Strategy",200,539,"Month 2, Tuần 6: Part 4 & Advanced Grammar, Day 6 (Thứ 7)",additional,
"https://study4.com/tests/toeic-part-7-training/","Part 7 Triple Passage Strategy - 5 min/set",404,200,"Month 2, Tuần 7: Triple Passages & Inference Mastery, Day 1 (Thứ 2)",primary,
"https://www.youtube.com/results?search_query=toeic+triple+passage+speed","Video: Triple Passage Speed Strategy",200,734,"Month 2, Tuần 7: Triple Passages & Inference Mastery, Day 1 (Thứ 2)",additional,
"https://study4.com/tests/toeic/ets-toeic-2024-test-3-lc-rc/","Part 7 Practice Tests",404,209,"Month 2, Tuần 7: Triple Passages & Inference Mastery, Day 1 (Thứ 2)",additional,
"https://study4.com/tests/toeic-part-7-training/","Inference Questions Mastery - NOT/TRUE",404,214,"Month 2, Tuần 7: Triple Passages & Inference Mastery, Day 2 (Thứ 3)",primary,
"https://www.youtube.com/results?search_query=toeic+not+true+questions","Video: NOT/TRUE Questions Strategy",200,598,"Month 2, Tuần 7: Triple Passages & Inference Mastery, Day 2 (Thứ 3)",additional,
"https://study4.com/tests/toeic/ets-toeic-2024-test-3-lc-rc/","Part 7 Practice Tests",404,167,"Month 2, Tuần 7: Triple Passages & Inference Mastery, Day 2 (Thứ 3)",additional,
"https://quizlet.com/vn/515287666/600-essential-words-for-the-toeic-lesson-6-healthcare-pharmaceuticals-flash-cards/","Healthcare & Pharmaceuticals Vocabulary - 40 Words",200,1835,"Month 2, Tuần 7: Triple Passages & Inference Mastery, Day 3 (Thứ 4)",primary,
"https://www.youtube.com/results?search_query=healthcare+vocabulary","Healthcare Vocabulary Video",200,705,"Month 2, Tuần 7: Triple Passages & Inference Mastery, Day 3 (Thứ 4)",additional,
"https://www.englishclub.com/english-for-work/medical.htm","Medical English",200,1683,"Month 2, Tuần 7: Triple Passages & Inference Mastery, Day 3 (Thứ 4)",additional,
"https://study4.com/tests/toeic/ets-toeic-2024-test-3-lc-rc/","Time Management Drills - P5-6: 15min, P7: 55min",404,156,"Month 2, Tuần 7: Triple Passages & Inference Mastery, Day 4 (Thứ 5)",primary,
"https://www.youtube.com/results?search_query=toeic+time+management","Video: Time Management Strategy",200,783,"Month 2, Tuần 7: Triple Passages & Inference Mastery, Day 4 (Thứ 5)",additional,
"https://study4.com/tests/toeic-part-5-training/","Reading Section Practice",404,187,"Month 2, Tuần 7: Triple Passages & Inference Mastery, Day 4 (Thứ 5)",additional,
"https://study4.com/tests/toeic-part-5-training/","Weeks 5-7 Comprehensive Review",404,157,"Month 2, Tuần 7: Triple Passages & Inference Mastery, Day 5 (Thứ 6)",primary,
"https://study4.com/tests/toeic/ets-toeic-2024-test-3-lc-rc/","Month 2 Review",404,399,"Month 2, Tuần 7: Triple Passages & Inference Mastery, Day 5 (Thứ 6)",additional,
"https://www.youtube.com/results?search_query=toeic+comprehensive+review","Comprehensive Review Video",200,698,"Month 2, Tuần 7: Triple Passages & Inference Mastery, Day 5 (Thứ 6)",additional,
"https://study4.com/tests/toeic/ets-toeic-2024-test-4-lc-rc/","FULL TEST 4 - ETS 2024",404,192,"Month 2, Tuần 7: Triple Passages & Inference Mastery, Day 6 (Thứ 7)",primary,
"https://www.ets.org/toeic/test-takers/scores.html","ETS Score Conversion",200,352,"Month 2, Tuần 7: Triple Passages & Inference Mastery, Day 6 (Thứ 7)",additional,
"https://www.youtube.com/results?search_query=toeic+final+month+strategy","Month 3 Final Sprint",200,761,"Month 2, Tuần 7: Triple Passages & Inference Mastery, Day 6 (Thứ 7)",additional,
"https://study4.com/tests/toeic/ets-toeic-2024-test-1-lc-rc/","FULL TEST 5 - Simulation Conditions",404,213,"Month 3, Tuần 9: High Simulation, Day 1 (Thứ 2)",primary,
"https://www.youtube.com/results?search_query=toeic+simulation+test","Simulation Test Tips",200,631,"Month 3, Tuần 9: High Simulation, Day 1 (Thứ 2)",additional,
"https://www.ets.org/toeic/test-takers/answer-sheet.html","Answer Sheet PDF",404,1321,"Month 3, Tuần 9: High Simulation, Day 1 (Thứ 2)",additional,
"https://study4.com/tests/toeic/ets-toeic-2024-test-1-lc-rc/","Deep Correction - LC Focus with Transcription",404,194,"Month 3, Tuần 9: High Simulation, Day 2 (Thứ 3)",primary,
"https://study4.com/tests/toeic-transcripts/","TOEIC Transcripts",404,167,"Month 3, Tuần 9: High Simulation, Day 2 (Thứ 3)",additional,
"https://www.youtube.com/results?search_query=toeic+deep+correction","Deep Correction Method",200,711,"Month 3, Tuần 9: High Simulation, Day 2 (Thứ 3)",additional,
"https://study4.com/tests/toeic/ets-toeic-2024-test-1-lc-rc/","Deep Correction - RC Focus with Translation",404,160,"Month 3, Tuần 9: High Simulation, Day 3 (Thứ 4)",primary,
"https://study4.com/tests/toeic-explanations/","TOEIC Reading Explanations",404,224,"Month 3, Tuần 9: High Simulation, Day 3 (Thứ 4)",additional,
"https://www.youtube.com/results?search_query=toeic+reading+correction","Deep Correction RC Method",200,655,"Month 3, Tuần 9: High Simulation, Day 3 (Thứ 4)",additional,
"https://study4.com/tests/toeic-part-5-training/","Part 5-6 Zero Mistake Drills - 50/50 Target",404,159,"Month 3, Tuần 9: High Simulation, Day 4 (Thứ 5)",primary,
"https://www.youtube.com/results?search_query=toeic+part+5+6+perfect+score","Part 5-6 Zero Mistake Strategy",200,619,"Month 3, Tuần 9: High Simulation, Day 4 (Thứ 5)",additional,
"https://study4.com/grammar/toeic-grammar-checklist/","Grammar Checklist",404,161,"Month 3, Tuần 9: High Simulation, Day 4 (Thứ 5)",additional,
"https://study4.com/tests/toeic-part-5-training/","Weakness Elimination - Top 3 Weaknesses",404,199,"Month 3, Tuần 9: High Simulation, Day 5 (Thứ 6)",primary,
"https://www.youtube.com/results?search_query=toeic+weakness+analysis","Weakness Analysis Method",200,635,"Month 3, Tuần 9: High Simulation, Day 5 (Thứ 6)",additional,
"https://study4.com/tests/toeic/ets-toeic-2024-test-1-lc-rc/","Targeted Practice",404,194,"Month 3, Tuần 9: High Simulation, Day 5 (Thứ 6)",additional,
"https://study4.com/tests/toeic-part-3-training/","Part 3-4 Intensive Marathon - 90 Questions",404,180,"Month 3, Tuần 9: High Simulation, Day 6 (Thứ 7)",primary,
"https://study4.com/tests/toeic-part-3-training/","Part 3 Marathon Practice",404,167,"Month 3, Tuần 9: High Simulation, Day 6 (Thứ 7)",additional,
"https://study4.com/tests/toeic-part-4-training/","Part 4 Marathon Practice",404,181,"Month 3, Tuần 9: High Simulation, Day 6 (Thứ 7)",additional,
"https://study4.com/tests/toeic/ets-toeic-2024-test-2-lc-rc/","FULL TEST 6 - ETS 2024",404,161,"Month 3, Tuần 10: Full Test Marathon, Day 1 (Thứ 2)",primary,
"https://www.ets.org/toeic/test-takers/scores.html","ETS Score Conversion",200,318,"Month 3, Tuần 10: Full Test Marathon, Day 1 (Thứ 2)",additional,
"https://www.youtube.com/results?search_query=toeic+final+week","Final Week Strategy",200,694,"Month 3, Tuần 10: Full Test Marathon, Day 1 (Thứ 2)",additional,
"https://study4.com/tests/toeic/ets-toeic-2024-test-2-lc-rc/","Full Test 6 Analysis - All Parts",404,178,"Month 3, Tuần 10: Full Test Marathon, Day 2 (Thứ 3)",primary,
"https://www.youtube.com/results?search_query=toeic+test+analysis","Test Analysis Method",200,648,"Month 3, Tuần 10: Full Test Marathon, Day 2 (Thứ 3)",additional,
"https://www.youtube.com/results?search_query=toeic+final+week+plan","Final Week Planning",200,628,"Month 3, Tuần 10: Full Test Marathon, Day 2 (Thứ 3)",additional,
"https://quizlet.com/vn/515287661/","Final Vocabulary Review - 500+ Words Spaced Repetition",200,1498,"Month 3, Tuần 10: Full Test Marathon, Day 3 (Thứ 4)",primary,
"https://quizlet.com/search?query=toeic%20vocabulary&type=sets","TOEIC Vocabulary 500+",200,1843,"Month 3, Tuần 10: Full Test Marathon, Day 3 (Thứ 4)",additional,
"https://www.youtube.com/results?search_query=spaced+repetition+vocabulary","Spaced Repetition Method",200,854,"Month 3, Tuần 10: Full Test Marathon, Day 3 (Thứ 4)",additional,
"https://study4.com/tests/toeic-part-5-training/","Grammar & Word Form Speed Test - 40/40 in 15 min",404,166,"Month 3, Tuần 10: Full Test Marathon, Day 4 (Thứ 5)",primary,
"https://study4.com/tests/toeic-part-5-training/","Grammar Speed Test",404,160,"Month 3, Tuần 10: Full Test Marathon, Day 4 (Thứ 5)",additional,
"https://www.youtube.com/results?search_query=toeic+word+form+speed","Word Form Drills",200,693,"Month 3, Tuần 10: Full Test Marathon, Day 4 (Thứ 5)",additional,
"https://study4.com/tests/toeic-part-7-training/","Part 7 Time Management Final - 55 min All Passages",404,166,"Month 3, Tuần 10: Full Test Marathon, Day 5 (Thứ 6)",primary,
"https://www.youtube.com/results?search_query=toeic+part+7+time+management","Part 7 Time Management",200,735,"Month 3, Tuần 10: Full Test Marathon, Day 5 (Thứ 6)",additional,
"https://study4.com/tests/toeic/ets-toeic-2024-test-2-lc-rc/","Full Part 7 Practice",404,211,"Month 3, Tuần 10: Full Test Marathon, Day 5 (Thứ 6)",additional,
"https://study4.com/tests/toeic/ets-toeic-2024-test-3-lc-rc/","FULL TEST 7 - ETS 2024",404,174,"Month 3, Tuần 10: Full Test Marathon, Day 6 (Thứ 7)",primary,
"https://www.ets.org/toeic/test-takers/scores.html","ETS Score Conversion",200,412,"Month 3, Tuần 10: Full Test Marathon, Day 6 (Thứ 7)",additional,
"https://www.youtube.com/results?search_query=toeic+final+preparation","Final Preparation",200,617,"Month 3, Tuần 10: Full Test Marathon, Day 6 (Thứ 7)",additional,
"https://study4.com/tests/toeic-part-5-training/","Targeted Weakness Elimination - Based on Test 7",404,157,"Month 3, Tuần 11-12: Final Preparation & Peak Performance, Day 1 (Thứ 2)",primary,
"https://www.youtube.com/results?search_query=toeic+final+weakness","Final Weakness Elimination",200,620,"Month 3, Tuần 11-12: Final Preparation & Peak Performance, Day 1 (Thứ 2)",additional,
"https://www.youtube.com/results?search_query=toeic+confidence","Confidence Building",200,587,"Month 3, Tuần 11-12: Final Preparation & Peak Performance, Day 1 (Thứ 2)",additional,
"https://study4.com/tests/toeic/ets-toeic-2024-test-4-lc-rc/","FINAL MOCK TEST 8 - Full Simulation",404,161,"Month 3, Tuần 11-12: Final Preparation & Peak Performance, Day 2 (Thứ 3)",primary,
"https://www.youtube.com/results?search_query=toeic+final+mock+test","Final Mock Test Tips",200,652,"Month 3, Tuần 11-12: Final Preparation & Peak Performance, Day 2 (Thứ 3)",additional,
"https://www.youtube.com/results?search_query=toeic+test+day+simulation","Test Day Simulation",200,692,"Month 3, Tuần 11-12: Final Preparation & Peak Performance, Day 2 (Thứ 3)",additional,
"https://study4.com/tests/toeic-part-5-training/","Light Review + Mental Preparation - Relaxation",404,192,"Month 3, Tuần 11-12: Final Preparation & Peak Performance, Day 3 (Thứ 4)",primary,
"https://www.youtube.com/results?search_query=test+mental+preparation","Mental Preparation for Tests",200,745,"Month 3, Tuần 11-12: Final Preparation & Peak Performance, Day 3 (Thứ 4)",additional,
"https://www.youtube.com/results?search_query=relaxation+techniques","Relaxation Techniques",200,742,"Month 3, Tuần 11-12: Final Preparation & Peak Performance, Day 3 (Thứ 4)",additional,
"https://study4.com/tests/toeic-part-1-training/","Part 1-2 Perfection Check - Must be 100%",404,164,"Month 3, Tuần 11-12: Final Preparation & Peak Performance, Day 4 (Thứ 5)",primary,
"https://www.youtube.com/results?search_query=toeic+part+1+perfect","Part 1 Perfect Score",200,702,"Month 3, Tuần 11-12: Final Preparation & Peak Performance, Day 4 (Thứ 5)",additional,
"https://www.youtube.com/results?search_query=toeic+part+2+perfect","Part 2 Perfect Score",200,631,"Month 3, Tuần 11-12: Final Preparation & Peak Performance, Day 4 (Thứ 5)",additional,
"https://study4.com/tests/toeic-part-5-training/","Time Management Final Rehearsal - Complete in 115 min",404,154,"Month 3, Tuần 11-12: Final Preparation & Peak Performance, Day 5 (Thứ 6)",primary,
"https://www.youtube.com/results?search_query=toeic+time+management","Time Management Review",200,647,"Month 3, Tuần 11-12: Final Preparation & Peak Performance, Day 5 (Thứ 6)",additional,
"https://www.youtube.com/results?search_query=relaxation+before+test","Relaxation Before Test",200,652,"Month 3, Tuần 11-12: Final Preparation & Peak Performance, Day 5 (Thứ 6)",additional,
"https://study4.com/","Rest + Confidence Building - Test-day Strategy",200,369,"Month 3, Tuần 11-12: Final Preparation & Peak Performance, Day 6 (Thứ 7)",primary,
"https://www.ets.org/toeic/test-takers/test-day.html","Test Day Checklist",200,287,"Month 3, Tuần 11-12: Final Preparation & Peak Performance, Day 6 (Thứ 7)",additional,
"https://www.youtube.com/results?search_query=test+day+confidence","Final Confidence Building",200,745,"Month 3, Tuần 11-12: Final Preparation & Peak Performance, Day 6 (Thứ 7)",additional,